Symbol,Date,Open,High,Low,Close,Volume
IBM,2004-01-30,92.8600,99.8500,89.0100,99.2300,139368500
IBM,2004-02-27,99.1500,100.4300,95.2000,96.5000,97741900
IBM,2004-03-31,96.5000,97.6000,90.2800,91.8400,124483700
IBM,2004-04-30,91.6700,94.5500,88.0100,88.1700,110632000
IBM,2004-05-28,88.1300,89.7500,85.1200,88.5900,104707300
IBM,2004-06-30,88.0900,91.2100,87.3000,88.1500,91968600
IBM,2004-07-30,88.2800,88.4400,83.4200,87.0700,121001000
IBM,2004-08-31,86.8700,87.3900,81.9000,84.6900,91169700
IBM,2004-09-30,84.0500,87.2800,83.2400,85.7400,93906300
IBM,2004-10-29,85.9500,90.2700,84.2900,89.7500,118116100
IBM,2004-11-30,89.3300,96.6300,89.2300,94.2400,114982100
IBM,2004-12-31,94.5000,99.0000,94.4700,98.5800,108170400
IBM,2005-01-31,98.9700,99.1000,91.4400,93.4200,114459000
IBM,2005-02-28,93.6700,94.9700,91.5500,92.5800,79707700
IBM,2005-03-31,92.6400,93.7300,89.0900,91.3800,106145200
IBM,2005-04-29,91.4900,91.7600,71.8500,76.3800,216745500
IBM,2005-05-31,76.8800,78.1100,72.5000,75.5500,138416000
IBM,2005-06-30,75.5700,77.7300,73.4500,74.2000,135542800
IBM,2005-07-29,74.3000,85.1100,74.1600,83.4600,156801500
IBM,2005-08-31,83.0000,84.2000,79.8700,80.6200,105031100
IBM,2005-09-30,80.1600,82.1100,76.9300,80.2200,115681400
IBM,2005-10-31,80.2200,84.6000,78.7000,81.8800,139881800
IBM,2005-11-30,81.8500,89.9400,80.6400,88.9000,110664500
IBM,2005-12-30,89.1500,89.9200,81.5600,82.2000,120052400
IBM,2006-01-31,82.4500,85.0300,80.2100,81.3000,146491600
IBM,2006-02-28,80.9000,82.2400,78.9300,80.2400,111052200
IBM,2006-03-31,80.0100,84.9900,79.5100,82.4700,111514900
IBM,2006-04-28,82.7200,84.4500,80.6300,82.3400,114007000
IBM,2006-05-31,82.5900,83.6900,79.0000,79.9000,113146500
IBM,2006-06-30,79.8900,80.8700,76.0600,76.8200,139457800
IBM,2006-07-31,77.5400,78.5300,72.7300,77.4100,137188300
IBM,2006-08-31,76.8600,81.6800,74.9000,80.9700,100880300
IBM,2006-09-29,81.1300,83.7900,79.3100,81.9400,102776100
IBM,2006-10-31,81.7600,92.6800,81.5600,92.3300,170367300
IBM,2006-11-30,92.5000,94.0500,90.4300,91.9200,104430000
IBM,2006-12-29,91.9000,97.8800,90.5500,97.1500,104470200
IBM,2007-01-31,97.1700,100.9000,94.5500,99.1500,192702000
IBM,2007-02-28,98.9700,100.4400,92.4700,92.9400,125776200
IBM,2007-03-30,90.2500,95.8100,88.7700,94.2600,163194500
IBM,2007-04-30,94.5100,103.0000,93.9110,102.2100,166807200
IBM,2007-05-31,102.0600,108.0500,101.3500,106.6000,146441400
IBM,2007-06-29,106.6200,107.2400,101.5600,105.2500,169602000
IBM,2007-07-31,105.3900,118.8200,104.5800,110.6500,212757600
IBM,2007-08-31,110.3900,117.3500,103.7000,116.6900,202871500
IBM,2007-09-28,116.3400,118.8900,114.3000,117.8000,132233800
IBM,2007-10-31,117.6100,121.4600,110.9600,116.1200,171669000
IBM,2007-11-30,115.5000,116.0900,99.2700,105.1800,200920600
IBM,2007-12-31,105.4500,112.1900,104.0000,108.1000,134151600
IBM,2008-01-31,108.9900,108.9900,97.0400,107.1100,247523900
IBM,2008-02-29,107.2100,116.6300,100.6000,113.8600,168280800
IBM,2008-03-31,114.0900,119.7900,111.8000,115.1400,179284200
IBM,2008-04-30,115.1400,125.0000,113.8600,120.7000,192087200
IBM,2008-05-30,121.0600,129.9900,120.7800,129.4300,159517500
IBM,2008-06-30,128.6700,129.3700,118.1500,118.5300,152327500
IBM,2008-07-31,117.5000,130.9300,116.6000,127.9800,200876500
IBM,2008-08-29,128.5200,129.9700,121.5000,121.7300,137028800
IBM,2008-09-30,122.8700,124.0000,109.9500,116.9600,218411700
IBM,2008-10-31,115.5100,116.8000,78.8200,92.9700,314972000
IBM,2008-11-28,92.6400,94.7600,69.5000,81.6000,218313000
IBM,2008-12-31,80.9500,87.2700,75.3100,84.1600,188846100
IBM,2009-01-30,83.8900,94.9400,81.7600,91.6500,208959400
IBM,2009-02-27,90.6000,97.1000,82.8500,92.0300,223017600
IBM,2009-03-31,91.1700,99.8600,83.0200,96.8900,286114500
IBM,2009-04-30,96.1300,106.0500,95.7000,103.2100,213623100
IBM,2009-05-29,103.7800,106.8200,99.8300,106.2800,153084700
IBM,2009-06-30,106.9400,110.6400,103.5100,104.4200,160502100
IBM,2009-07-31,105.0000,119.3700,99.5000,117.9300,176171400
IBM,2009-08-31,118.8800,120.8800,116.1200,118.0500,112480200
IBM,2009-09-30,117.6700,122.8800,115.1500,119.6100,131522200
IBM,2009-10-30,119.3900,128.6100,117.2600,120.6100,183531100
IBM,2009-11-30,120.6100,128.9400,119.5000,126.3500,110748200
IBM,2009-12-31,127.2900,132.8500,126.0000,130.9000,124475900
IBM,2010-01-29,131.1800,134.2500,121.9000,122.3900,156110600
IBM,2010-02-26,123.2300,128.2700,121.6100,127.1600,113211200
IBM,2010-03-31,127.5000,130.7300,125.2000,128.2500,139997300
IBM,2010-04-30,128.9500,132.2800,127.1200,129.0000,146426400
IBM,2010-05-28,129.3900,133.1000,116.0000,125.2600,188444200
IBM,2010-06-30,124.6900,131.9400,122.8200,123.4800,162019100
IBM,2010-07-30,123.5500,131.6000,120.6100,128.4000,144080000
IBM,2010-08-31,129.2500,132.4900,122.2800,123.1300,117394000
IBM,2010-09-30,125.3100,136.1100,124.5200,134.1400,116092900
IBM,2010-10-29,135.5100,144.0000,134.3900,143.6000,137284700
IBM,2010-11-30,143.6400,147.5300,141.1800,141.4600,104096700
IBM,2010-12-31,143.6100,147.5000,143.5100,146.7600,93392800
IBM,2011-01-31,147.2100,164.3500,146.6400,162.0000,118831600
IBM,2011-02-28,162.1100,166.2500,159.0300,161.8800,89067500
IBM,2011-03-31,163.1500,167.7200,151.7100,163.0700,129714300
IBM,2011-04-29,163.7000,173.0000,162.1900,170.5800,100769500
IBM,2011-05-31,172.1100,173.5400,165.9000,168.9300,110804200
IBM,2011-06-30,168.9000,172.4468,161.5200,171.5500,105442400
IBM,2011-07-29,171.6100,185.6300,171.4900,181.8500,113593200
IBM,2011-08-31,182.6000,183.6900,157.1300,171.9100,195054100
IBM,2011-09-30,172.7100,180.9100,158.7600,174.8700,137895000
IBM,2011-10-31,174.3600,190.5300,168.8800,184.6300,144563700
IBM,2011-11-30,181.5500,189.9700,177.0600,188.0000,97014100
IBM,2011-12-30,187.0100,194.9000,179.0400,183.8800,103436500
IBM,2012-01-31,186.7300,193.1000,177.3472,192.6000,110015000
IBM,2012-02-29,193.2100,199.2300,190.8310,196.7300,78809900
IBM,2012-03-30,197.2300,209.1200,196.8120,208.6500,88096900
IBM,2012-04-30,208.9600,210.6900,196.7910,207.0800,86603000
IBM,2012-05-31,207.1800,208.9290,192.0000,192.9000,86005300
IBM,2012-06-29,190.1200,199.9900,187.0000,195.5800,84559100
IBM,2012-07-31,196.3600,197.8400,181.8500,195.9800,91516500
IBM,2012-08-31,196.9600,202.0000,193.0200,194.8500,60653700
IBM,2012-09-28,196.6100,208.3200,193.2500,207.4500,77341400
IBM,2012-10-31,208.0100,211.7900,190.5600,194.5300,96155000
IBM,2012-11-30,194.9600,198.0000,184.7800,190.0700,81892500
IBM,2012-12-31,190.7600,196.4500,186.9400,191.5500,79320200
IBM,2013-01-31,194.0900,208.5800,190.3900,203.0700,87636600
IBM,2013-02-28,204.6500,205.3500,197.5100,200.8300,64144100
IBM,2013-03-28,200.6500,215.9000,199.3600,213.3000,76023800
IBM,2013-04-30,212.8000,214.8900,187.6800,202.5400,108666600
IBM,2013-05-31,201.8700,211.9800,199.2000,208.0200,90683600
IBM,2013-06-28,208.2500,210.0500,188.4100,191.1100,80215000
IBM,2013-07-31,192.1500,200.9400,190.2600,195.0400,88079400
IBM,2013-08-30,196.6500,197.1700,181.1000,182.2700,73077400
IBM,2013-09-30,183.6300,194.8900,182.3100,185.1800,71488100
IBM,2013-10-31,185.3400,186.9900,172.5700,179.2100,130967100
IBM,2013-11-29,179.8100,186.2400,177.3100,179.6800,100984900
IBM,2013-12-31,179.4600,187.7900,172.7300,187.5700,97993100
IBM,2014-01-31,187.2100,190.8100,175.3400,176.6800,123489300
IBM,2014-02-28,176.0200,186.1200,172.1900,185.1700,87054800
IBM,2014-03-31,183.3300,195.6300,182.2100,192.4900,118984000
IBM,2014-04-30,193.1200,199.2100,187.0100,196.4700,118447100
IBM,2014-05-30,196.3100,196.7400,182.3300,184.3600,70018300
IBM,2014-06-30,184.7600,187.6500,179.2700,181.2700,78501700
IBM,2014-07-31,181.7000,196.4000,181.7000,191.6700,97597800
IBM,2014-08-29,190.5000,194.1330,183.5800,192.3000,53441600
IBM,2014-09-30,192.6800,195.0000,188.1200,189.8300,64033759
IBM,2014-10-31,189.9100,190.8900,161.1000,164.4000,146272610
IBM,2014-11-28,164.2500,164.9700,159.8000,162.1700,80018581
IBM,2014-12-31,161.6400,164.5200,150.5000,160.4400,101614529
IBM,2015-01-30,161.3100,163.3100,149.5200,153.3100,117395861
IBM,2015-02-27,154.0000,164.9900,151.5100,161.9400,77654705
IBM,2015-03-31,161.6800,165.3500,153.4000,160.5000,104899758
IBM,2015-04-30,160.2300,175.1303,158.3900,171.2900,93821213
IBM,2015-05-29,173.2000,176.3000,168.8400,169.6500,57916093
IBM,2015-06-30,170.2100,171.5601,162.1200,162.6600,80845501
IBM,2015-07-31,163.9700,173.7800,158.5000,161.9900,93805392
IBM,2015-08-31,161.7000,161.8500,140.6200,147.8900,93750967
IBM,2015-09-30,144.8400,149.6800,141.1501,144.9700,81761648
IBM,2015-10-30,145.3100,153.1470,137.3300,140.0800,120622363
IBM,2015-11-30,140.5000,142.8000,131.6500,139.4200,85421426
IBM,2015-12-31,139.5800,141.4000,133.9100,137.6200,97650594
IBM,2016-01-29,135.6000,136.8900,118.0000,124.7900,126204196
IBM,2016-02-29,124.4000,134.9200,116.9010,131.0300,106703104
IBM,2016-03-31,132.2400,153.1000,132.0300,151.4500,105698603
IBM,2016-04-29,150.5100,153.5200,142.6100,145.9400,94431134
IBM,2016-05-31,146.5600,153.8100,142.9000,153.7400,75248178
IBM,2016-06-30,153.0000,155.4800,142.5000,151.7800,77115961
IBM,2016-07-29,152.1900,163.6000,149.9200,160.6200,69930927
IBM,2016-08-31,160.6500,164.9500,157.8500,158.8800,69680582
IBM,2016-09-30,158.3200,165.0000,153.2100,158.8500,69951563
IBM,2016-10-31,158.0600,158.5300,147.7900,153.6900,78325840
IBM,2016-11-30,153.5000,164.6600,151.0000,162.2200,76340912
IBM,2016-12-30,161.9500,169.9520,158.3000,165.9900,69463793
IBM,2017-01-31,167.0000,179.2500,165.3400,174.5200,88671370
IBM,2017-02-28,175.0000,182.7900,172.8900,179.8200,59817600
IBM,2017-03-31,180.4800,182.5500,172.0937,174.1400,79476385
IBM,2017-04-28,173.8200,176.3300,159.6000,160.2900,80758989
IBM,2017-05-31,160.0500,160.4200,149.7900,152.6300,102455942
IBM,2017-06-30,152.8000,157.2000,150.8000,153.8300,82652760
IBM,2017-07-31,153.5800,156.0250,143.6400,144.6700,91242021
IBM,2017-08-31,145.0000,145.6700,139.1300,143.0300,79260314
IBM,2017-09-29,142.9800,147.4200,141.6400,145.0800,77056229
IBM,2017-10-31,145.3500,162.5100,145.2100,154.0600,121490046
IBM,2017-11-30,154.1000,154.9000,146.2110,153.9700,89208545
IBM,2017-12-29,154.4000,157.8500,151.4900,153.4200,87525752
IBM,2018-01-31,154.5000,171.1300,153.5400,163.7000,140197975
IBM,2018-02-28,163.1900,164.1300,144.4000,155.8300,100673819
IBM,2018-03-29,155.5300,162.1100,148.5400,153.4300,92113147
IBM,2018-04-30,153.3400,162.0000,144.1100,144.9600,122893135
IBM,2018-05-31,144.6500,146.2000,139.9000,141.3100,88812832
IBM,2018-06-29,142.4300,147.5200,137.4500,139.7000,90243111
IBM,2018-07-31,138.2800,150.5400,138.2000,144.9300,95015127
IBM,2018-08-31,144.7600,147.9300,142.0000,146.4800,79196876
IBM,2018-09-28,145.9800,153.3500,144.8100,151.2100,95868702
IBM,2018-10-31,151.7100,154.3600,114.0900,115.4300,198093801
IBM,2018-11-30,115.5000,125.0600,114.5400,124.2700,141719180
IBM,2018-12-31,125.6700,126.5900,105.9400,113.6700,115600988
IBM,2019-01-31,112.0100,135.4100,111.6900,134.4200,120388583
IBM,2019-02-28,134.9700,140.4900,132.1200,138.1300,68462024
IBM,2019-03-29,139.3100,142.1200,133.5800,141.1000,74688899
IBM,2019-04-30,141.5100,145.3900,136.2600,140.2700,80199229
IBM,2019-05-31,140.5500,141.8100,126.8500,126.9900,75537897
IBM,2019-06-28,127.1000,140.1500,127.0600,137.9000,61342985
IBM,2019-07-31,139.6000,151.9400,139.1300,148.2400,80175943
IBM,2019-08-30,148.9000,152.9500,128.8300,135.5300,96719129
IBM,2019-09-30,134.8500,146.5700,133.3300,145.4200,62083780
IBM,2019-10-31,145.5900,147.3500,130.9000,133.7300,92647927
IBM,2019-11-29,134.5000,139.1400,132.7500,134.4500,64898948
IBM,2019-12-31,134.4500,136.4200,130.6900,134.0400,71661951
IBM,2020-01-31,135.0000,145.7900,133.2000,143.7300,112864967
IBM,2020-02-28,144.2500,158.7500,126.3600,130.1500,118092333
IBM,2020-03-31,130.7500,136.1000,90.5600,110.9300,189585053
IBM,2020-04-30,106.3600,129.3100,104.5200,125.5600,130400316
IBM,2020-05-29,123.1900,126.9700,111.8100,124.9000,92864791
IBM,2020-06-30,124.6400,135.8800,115.8800,120.7700,120931250
IBM,2020-07-31,120.2700,132.1700,115.2000,122.9400,113972765
IBM,2020-08-31,123.5000,130.4700,122.1500,123.3100,74033007
IBM,2020-09-30,122.8500,129.9500,116.4800,121.6700,84510174
IBM,2020-10-30,122.3600,135.5000,105.9200,111.6600,159130911
IBM,2020-11-30,112.6500,125.3130,111.1600,123.5200,103461100
IBM,2020-12-31,123.9000,127.6900,121.7200,125.8800,102587006
IBM,2021-01-29,125.8500,132.2400,117.3600,119.1100,176168962
IBM,2021-02-26,119.9000,124.3500,118.1200,118.9300,106339228
IBM,2021-03-31,120.3500,137.0700,118.7550,133.2600,127967821
IBM,2021-04-30,133.7600,148.7400,130.3800,141.8800,122920494
IBM,2021-05-28,143.8100,148.5150,140.9200,143.7400,98036425
IBM,2021-06-30,145.0000,152.8400,143.0400,146.5900,84365220
IBM,2021-07-30,146.9600,147.5000,136.2089,140.9600,110625907
IBM,2021-08-31,141.4500,144.7000,137.2100,140.3400,69687056
IBM,2021-09-30,139.9800,140.5700,132.7800,138.9300,76644238
IBM,2021-10-29,141.0000,146.0000,124.6200,125.1000,144097758
IBM,2021-11-30,125.0500,127.2900,114.5600,117.1000,119252012
IBM,2021-12-31,118.2500,134.9900,116.5600,133.6600,113930079
IBM,2022-01-31,134.0700,142.2000,124.1930,133.5700,147238382
IBM,2022-02-28,133.7600,138.8200,118.8100,122.5100,98492968
IBM,2022-03-31,122.6700,133.0800,120.7000,130.0200,96447210
IBM,2022-04-29,129.6600,141.8800,124.9100,132.2100,107525264
IBM,2022-05-31,133.0000,139.8300,125.8000,138.8400,113207659
IBM,2022-06-30,139.6700,144.7300,132.8500,141.1900,105815743
IBM,2022-07-29,141.0000,141.8700,125.1300,130.7900,129801061
IBM,2022-08-31,130.7500,139.3400,128.4000,128.4500,77392342
IBM,2022-09-30,128.4000,130.9900,118.6100,118.8100,87256958
IBM,2022-10-31,120.1600,138.8615,115.5450,138.2900,113480787
IBM,2022-11-30,138.2500,150.4600,133.9700,148.9000,93620235
IBM,2022-12-30,149.9800,153.2100,137.1950,140.8900,86426226
IBM,2023-01-31,141.1000,147.1800,132.9800,134.7300,105576019
IBM,2023-02-28,134.4900,137.3900,128.8600,129.3000,76080679
IBM,2023-03-31,128.9000,131.4800,121.7100,131.0900,138093084
IBM,2023-04-28,130.9700,132.6100,124.5600,126.4100,83664114
IBM,2023-05-31,126.3500,130.0699,120.5500,128.5900,95710890
IBM,2023-06-30,128.4400,139.4690,127.7800,133.8100,100722016
IBM,2023-07-31,133.4200,144.6050,131.5500,144.1800,85778938
IBM,2023-08-31,144.2500,147.7275,139.7600,146.8300,84274205
IBM,2023-09-29,147.2600,151.9299,139.6100,140.3000,82806487
IBM,2023-10-31,140.0400,144.7600,135.8700,144.6400,94386980
IBM,2023-11-30,145.0000,158.6000,144.4500,158.5600,78460252
IBM,2023-12-29,158.4100,166.3400,158.0000,163.5500,87358302
IBM,2024-01-31,162.8300,196.9000,157.8850,183.6600,128121557
IBM,2024-02-29,183.6300,188.9500,178.7500,185.0300,88679550
IBM,2024-03-28,185.4900,199.1800,185.1800,190.9600,99921776
IBM,2024-04-30,190.0000,193.2800,165.2605,166.2000,98297181
IBM,2024-05-31,165.6900,175.4600,162.6200,166.8500,78620355
IBM,2024-06-28,166.5400,178.4599,163.5300,172.9500,70706301
IBM,2024-07-31,173.4500,196.2600,173.3800,192.1400,81258646
IBM,2024-08-30,192.8100,202.1700,181.8100,202.1300,65453729
IBM,2024-09-30,201.9100,224.1500,199.3350,221.0800,83415811
IBM,2024-10-31,220.6300,237.3700,203.5100,206.7200,105624376
IBM,2024-11-27,207.7700,229.1900,204.0700,226.9200,74640334
AAPL,2004-01-30,21.5500,24.8400,21.1800,22.5600,141567900
AAPL,2004-02-27,22.4600,24.1000,21.7000,23.9200,87893400
AAPL,2004-03-31,24.0900,28.1400,23.6000,27.0400,207609200
AAPL,2004-04-30,26.9000,29.5800,25.4900,25.7800,159467400
AAPL,2004-05-28,26.0000,28.7800,25.5000,28.0600,94719200
AAPL,2004-06-30,27.7900,34.1900,27.6100,32.5400,146914900
AAPL,2004-07-30,32.0800,33.6300,28.7400,32.3400,173153200
AAPL,2004-08-31,31.1800,35.1800,29.7000,34.4900,143060100
AAPL,2004-09-30,34.3000,39.2700,34.1900,38.7500,137026900
AAPL,2004-10-29,39.1500,53.2000,37.6500,52.4000,287399400
AAPL,2004-11-30,52.5000,69.5700,52.0400,67.0500,311421500
AAPL,2004-12-31,67.7900,67.9500,61.6000,64.4000,284796700
AAPL,2005-01-31,64.7800,77.8900,62.6000,76.9000,459075800
AAPL,2005-02-28,77.0500,90.8800,43.9600,44.8600,383016900
AAPL,2005-03-31,44.9900,45.1100,38.8300,41.6700,524140000
AAPL,2005-04-29,42.0900,44.4500,34.0000,36.0600,691982800
AAPL,2005-05-31,36.2100,40.9400,33.1100,39.7593,459224800
AAPL,2005-06-30,39.8900,40.7600,35.5200,36.8100,404542700
AAPL,2005-07-29,36.8300,44.3800,36.2900,42.6500,360508800
AAPL,2005-08-31,42.6000,48.3300,42.0200,46.8900,335743100
AAPL,2005-09-30,47.0000,54.5600,46.0900,53.6100,440991800
AAPL,2005-10-31,54.1600,57.9800,47.8700,57.5900,665837400
AAPL,2005-11-30,57.2400,71.0700,56.8700,67.8200,480586700
AAPL,2005-12-30,68.9500,75.4600,68.8100,71.8900,466577300
AAPL,2006-01-31,72.3320,86.4000,70.8700,75.5100,781370400
AAPL,2006-02-28,75.0000,76.4600,62.9000,68.4900,670024900
AAPL,2006-03-31,69.0000,69.9900,57.6700,62.7200,828308300
AAPL,2006-04-28,63.6600,72.0500,61.0500,70.3900,718545800
AAPL,2006-05-31,70.7800,73.8000,58.6900,59.7700,557456400
AAPL,2006-06-30,59.8500,63.1000,55.4100,57.2700,640593700
AAPL,2006-07-31,57.5200,68.6300,50.1600,67.9600,624276500
AAPL,2006-08-31,67.2200,70.0000,62.5800,67.8500,638844500
AAPL,2006-09-29,68.4800,77.7800,67.8200,76.9800,632912800
AAPL,2006-10-31,75.1000,82.6000,72.6000,81.0800,513855600
AAPL,2006-11-30,81.1000,93.1590,77.7900,91.6600,494103000
AAPL,2006-12-29,91.8000,92.3300,76.7700,84.8400,603242600
AAPL,2007-01-31,86.2900,97.8000,81.9000,85.7300,971777900
AAPL,2007-02-28,86.2300,90.8100,82.8600,84.6100,490084100
AAPL,2007-03-30,84.0300,96.8300,83.7500,92.9100,568523000
AAPL,2007-04-30,94.1400,102.5000,89.6000,99.8000,480705000
AAPL,2007-05-31,99.5900,122.1700,98.5500,121.1910,620181000
AAPL,2007-06-29,121.1000,127.6100,115.4000,122.0400,831412200
AAPL,2007-07-31,121.0500,148.9200,119.3000,131.7600,857806200
AAPL,2007-08-31,133.6400,139.6500,111.6200,138.4800,870028500
AAPL,2007-09-28,139.9400,155.0000,130.0000,153.4700,747543700
AAPL,2007-10-31,154.6300,190.1200,152.9300,189.9500,831349700
AAPL,2007-11-30,188.6000,192.6800,150.6300,182.2200,935706800
AAPL,2007-12-31,181.8600,202.9600,176.9900,198.0800,616167100
AAPL,2008-01-31,199.2700,200.2600,126.1400,135.3600,1256210300
AAPL,2008-02-29,136.2400,136.5900,115.4400,125.0200,888069800
AAPL,2008-03-31,124.4400,145.7400,118.0000,143.5000,818831200
AAPL,2008-04-30,146.3000,180.0000,143.6100,173.9500,813820800
AAPL,2008-05-30,175.0100,192.2400,172.0000,188.7500,663864800
AAPL,2008-06-30,188.5000,189.9500,164.1500,167.4400,695564100
AAPL,2008-07-31,164.0500,180.9100,146.5300,158.9500,705348600
AAPL,2008-08-29,159.9400,180.4500,152.9100,169.5300,467348400
AAPL,2008-09-30,172.4000,173.5000,100.5900,113.6600,859555800
AAPL,2008-10-31,111.9200,116.4000,85.0000,107.5900,1479525400
AAPL,2008-11-28,105.9300,111.7900,79.1400,92.6700,843552200
AAPL,2008-12-31,91.3000,103.6000,84.5500,85.3500,721923100
AAPL,2009-01-30,85.8800,97.1700,78.2000,90.1300,646633600
AAPL,2009-02-27,89.1000,103.0000,86.5100,89.3100,495266100
AAPL,2009-03-31,89.3100,109.9800,82.3300,105.1200,550878500
AAPL,2009-04-30,104.0900,127.2000,103.8900,125.8300,422202900
AAPL,2009-05-29,125.8000,135.9000,119.3800,135.8100,337755100
AAPL,2009-06-30,136.4700,146.4000,132.8800,142.4300,452699000
AAPL,2009-07-31,143.5000,165.0000,134.4200,163.3900,390790600
AAPL,2009-08-31,165.2100,172.4900,159.4200,168.2100,291611600
AAPL,2009-09-30,167.9900,188.9000,164.1100,185.3500,356761400
AAPL,2009-10-30,185.3500,208.7099,180.7000,188.5000,462720600
AAPL,2009-11-30,189.8000,208.0000,185.5700,199.9100,301956600
AAPL,2009-12-31,202.2400,213.9500,188.6800,210.7320,406927100
AAPL,2010-01-29,213.4300,215.5900,190.2500,192.0630,541749800
AAPL,2010-02-26,192.3700,205.1700,190.8500,204.6200,384860000
AAPL,2010-03-31,205.7500,237.4800,205.4500,235.0000,434077600
AAPL,2010-04-30,237.4900,272.4600,232.7500,261.0900,441683200
AAPL,2010-05-28,263.8400,267.8800,199.2500,256.8800,645809100
AAPL,2010-06-30,259.6900,279.0100,242.2000,251.5300,594687600
AAPL,2010-07-30,254.3000,265.9900,239.6000,257.2500,559632300
AAPL,2010-08-31,260.4400,264.2800,235.5600,243.1000,342468600
AAPL,2010-09-30,247.4700,294.7300,246.2800,283.7500,423211400
AAPL,2010-10-29,283.7500,319.0000,277.7700,300.9800,436949200
AAPL,2010-11-30,302.2200,321.3000,297.7600,311.1500,339574500
AAPL,2010-12-31,315.2700,326.6600,314.8900,322.5600,249044100
AAPL,2011-01-31,325.6400,348.6000,324.8365,339.3200,387197700
AAPL,2011-02-28,341.3000,364.9000,337.7200,353.2100,331998200
AAPL,2011-03-31,355.4700,361.6700,326.2600,348.5075,403802100
AAPL,2011-04-29,351.1100,355.1300,320.1600,350.1300,330493900
AAPL,2011-05-31,349.7400,351.8300,329.4200,347.8300,246859300
AAPL,2011-06-30,348.8700,352.1320,310.5000,335.6700,330851800
AAPL,2011-07-29,335.9500,404.5000,334.2000,390.4800,380498100
AAPL,2011-08-31,397.7800,399.5000,353.0200,384.8300,576521400
AAPL,2011-09-30,385.8200,422.8600,366.4800,381.3200,427766000
AAPL,2011-10-31,380.3700,426.7000,354.2400,404.7800,469336700
AAPL,2011-11-30,397.4100,408.0000,363.3200,382.2000,320132200
AAPL,2011-12-30,382.5400,409.0900,377.6800,405.0000,225233300
AAPL,2012-01-31,409.4000,458.2400,409.0000,456.4800,244994800
AAPL,2012-02-29,458.4100,547.6100,453.9800,542.4400,406019800
AAPL,2012-03-30,548.1700,621.4500,516.2210,599.5500,556583500
AAPL,2012-04-30,601.8300,644.0000,555.0000,583.9800,557106800
AAPL,2012-05-31,584.9000,596.7600,522.1800,577.7300,396655200
AAPL,2012-06-29,569.1600,590.0000,548.5000,584.0000,280565200
AAPL,2012-07-31,584.7300,619.8700,570.0000,610.7600,318201800
AAPL,2012-08-31,615.9050,680.8700,600.2500,665.2400,295578800
AAPL,2012-09-28,665.7600,705.0700,656.0000,667.1050,328535900
AAPL,2012-10-31,671.5000,676.7500,587.7000,595.3200,433672500
AAPL,2012-11-30,598.2200,603.0000,505.7501,585.2800,461780400
AAPL,2012-12-31,593.6500,594.5900,501.2300,532.1729,433312600
AAPL,2013-01-31,553.8200,555.0000,435.0000,455.4900,468693700
AAPL,2013-02-28,459.1100,484.9400,437.6600,441.4000,333715500
AAPL,2013-03-28,438.0000,469.9500,419.0000,442.6600,327745600
AAPL,2013-04-30,441.9000,445.2500,385.1000,442.7800,391553200
AAPL,2013-05-31,444.4600,465.7500,418.9000,449.7350,337411800
AAPL,2013-06-28,450.7300,454.4300,388.8700,396.5300,250662000
AAPL,2013-07-31,402.6900,457.3425,401.2200,452.5300,233504100
AAPL,2013-08-30,455.7527,513.7400,453.2600,487.2160,287797800
AAPL,2013-09-30,493.1000,507.9200,447.2200,476.7500,308247900
AAPL,2013-10-31,478.4500,539.2500,478.2800,522.7020,279919000
AAPL,2013-11-29,524.0200,558.3300,512.3800,556.0700,186612700
AAPL,2013-12-31,558.0000,575.1358,538.8000,561.0200,252049900
AAPL,2014-01-31,555.6800,560.2000,493.5500,500.6000,313069800
AAPL,2014-02-28,502.6100,551.1900,499.3000,526.2400,210013100
AAPL,2014-03-31,523.4200,549.0000,522.8100,536.7400,178632100
AAPL,2014-04-30,537.7600,599.4300,511.3300,590.0900,229823600
AAPL,2014-05-30,592.0000,644.1700,580.3300,633.0000,204845300
AAPL,2014-06-30,633.9600,651.2600,89.6500,92.9300,853194497
AAPL,2014-07-31,93.5200,99.4400,92.5700,95.6000,1035191700
AAPL,2014-08-29,94.9000,102.9000,93.2800,102.5000,930931500
AAPL,2014-09-30,103.0600,103.7400,96.1400,100.7500,1523782675
AAPL,2014-10-31,100.5900,108.0400,95.1800,108.0000,1360280122
AAPL,2014-11-28,108.2200,119.7500,107.7200,118.9300,820471729
AAPL,2014-12-31,118.8100,119.2500,106.2600,110.3800,1073775862
AAPL,2015-01-30,111.3900,120.0000,104.6300,117.1600,1304879185
AAPL,2015-02-27,118.0500,133.6000,116.0800,128.4600,1136535493
AAPL,2015-03-31,129.2500,130.2800,121.6300,124.4300,1138641910
AAPL,2015-04-30,124.8200,134.5400,123.1000,125.1500,996135511
AAPL,2015-05-29,126.1000,132.9700,123.3600,130.2800,954152126
AAPL,2015-06-30,131.2000,131.3900,124.4800,125.4250,878606841
AAPL,2015-07-31,126.9000,132.9700,119.2200,121.3000,1058280697
AAPL,2015-08-31,121.5000,122.5700,92.0000,112.7600,1606359115
AAPL,2015-09-30,110.1800,116.8900,107.3600,109.9500,1203789074
AAPL,2015-10-30,109.0700,121.2200,107.3100,119.5000,1113703829
AAPL,2015-11-30,119.8700,123.8200,111.0000,118.3000,750606735
AAPL,2015-12-31,118.7500,119.8600,104.8200,105.2600,922626259
AAPL,2016-01-29,102.6100,105.8500,92.3900,97.3400,1271848087
AAPL,2016-02-29,96.4700,98.8900,92.5900,96.6900,810862547
AAPL,2016-03-31,97.6500,110.4200,97.4200,108.9900,745756771
AAPL,2016-04-29,108.7800,112.3900,92.5100,93.7400,872383623
AAPL,2016-05-31,93.9650,100.7300,89.4700,99.8600,901144768
AAPL,2016-06-30,99.0200,101.8900,91.5000,95.6000,780630235
AAPL,2016-07-29,95.4900,104.5500,94.3700,104.2100,685779613
AAPL,2016-08-31,104.4100,110.2300,104.0000,106.1000,630128567
AAPL,2016-09-30,106.1400,116.1800,102.5300,113.0500,970096738
AAPL,2016-10-31,112.7100,118.6900,112.2800,113.5400,686914224
AAPL,2016-11-30,113.4600,113.7700,104.0800,110.5200,721554967
AAPL,2016-12-30,110.3650,118.0166,108.2500,115.8200,608771645
AAPL,2017-01-31,115.8000,122.4400,114.7600,121.3500,563331160
AAPL,2017-02-28,127.0300,137.4800,127.0100,136.9900,574968547
AAPL,2017-03-31,137.8900,144.5000,137.0500,143.6600,562091214
AAPL,2017-04-28,143.7100,145.4600,140.0600,143.6500,371280180
AAPL,2017-05-31,145.1000,156.6500,144.2700,152.7600,635292989
AAPL,2017-06-30,153.1700,155.9800,142.2000,144.0200,664986406
AAPL,2017-07-31,144.8800,153.9900,142.4100,148.7300,411377229
AAPL,2017-08-31,149.1000,164.5200,148.4100,164.0000,638221161
AAPL,2017-09-29,164.8000,164.9400,149.1600,154.1200,669594016
AAPL,2017-10-31,154.2600,169.6499,152.4600,169.0400,496135305
AAPL,2017-11-30,169.8700,176.2400,165.2800,171.8500,581374608
AAPL,2017-12-29,169.9500,177.2000,166.4600,169.2300,518560008
AAPL,2018-01-31,170.1600,180.1000,164.7000,167.4300,639245534
AAPL,2018-02-28,167.1700,180.6200,150.2400,178.1200,888378184
AAPL,2018-03-29,178.5400,183.5000,164.9400,167.7800,701387082
AAPL,2018-04-30,166.6400,178.9400,160.6300,165.2600,666360147
AAPL,2018-05-31,166.4100,190.3700,165.2700,186.8700,620976206
AAPL,2018-06-29,187.9900,194.2000,180.7300,185.1100,527624365
AAPL,2018-07-31,183.8200,195.9600,183.4200,190.2900,393843881
AAPL,2018-08-31,199.1300,228.8700,197.3100,227.6300,700318837
AAPL,2018-09-28,228.4100,229.6700,215.3000,225.7400,678972040
AAPL,2018-10-31,227.9500,233.4700,206.0900,218.8600,789748068
AAPL,2018-11-30,219.0500,222.3600,170.2600,178.5800,961321947
AAPL,2018-12-31,184.4600,184.9400,146.5900,157.7400,898917007
AAPL,2019-01-31,154.8900,169.0000,142.0000,166.4400,828099179
AAPL,2019-02-28,166.9600,175.8700,165.9300,173.1500,472540723
AAPL,2019-03-29,174.2800,197.6900,169.5000,189.9500,650981384
AAPL,2019-04-30,191.6400,208.4800,188.3800,200.6700,506117812
AAPL,2019-05-31,209.8800,215.3100,174.9900,175.0700,739456573
AAPL,2019-06-28,175.6000,201.5700,170.2700,197.9200,515218768
AAPL,2019-07-31,203.1700,221.3700,198.4100,213.0400,473957094
AAPL,2019-08-30,213.9000,218.0300,192.5800,208.7400,683515746
AAPL,2019-09-30,206.4300,226.4200,204.2200,223.9700,547408488
AAPL,2019-10-31,225.0700,249.7500,215.1300,248.7600,621478768
AAPL,2019-11-29,249.5400,268.0000,249.1600,267.2500,448922253
AAPL,2019-12-31,267.2700,293.9700,256.2900,293.6500,598871365
AAPL,2020-01-31,296.2400,327.8500,292.7500,309.5100,734044103
AAPL,2020-02-28,304.3000,327.2200,256.3700,273.3600,755223231
AAPL,2020-03-31,282.2800,304.0000,212.6100,254.2900,1570331732
AAPL,2020-04-30,246.5000,294.5300,236.9000,293.8000,816530808
AAPL,2020-05-29,286.2500,324.2400,285.8500,317.9400,701660022
AAPL,2020-06-30,317.7500,372.3800,317.2100,364.8000,810900890
AAPL,2020-07-31,365.1200,425.6600,356.5800,425.0400,755162226
AAPL,2020-08-31,432.8000,515.1400,126.0000,129.0400,1184207050
AAPL,2020-09-30,132.7600,137.9800,103.1000,115.8100,3886793083
AAPL,2020-10-30,117.6400,125.3900,107.7200,108.8600,2895317580
AAPL,2020-11-30,109.1100,121.9900,107.3200,119.0500,2122724412
AAPL,2020-12-31,121.0100,138.7890,120.0100,132.6900,2319687808
AAPL,2021-01-29,133.5200,145.0900,126.3820,131.9600,2239366098
AAPL,2021-02-26,133.7500,137.8770,118.3900,121.2600,1825486961
AAPL,2021-03-31,123.7500,128.7200,116.2100,122.1500,2650845211
AAPL,2021-04-30,123.6600,137.0700,122.4900,131.4600,1889956694
AAPL,2021-05-28,132.0400,134.0700,122.2500,124.6100,1711935110
AAPL,2021-06-30,125.0800,137.4100,123.1300,136.9600,1606114354
AAPL,2021-07-30,136.6000,150.0000,135.7600,145.8600,1916751489
AAPL,2021-08-31,146.3600,153.4900,144.5000,151.8300,1462773381
AAPL,2021-09-30,152.8300,157.2600,141.2700,141.5000,1797948421
AAPL,2021-10-29,141.9000,153.1650,138.2700,149.8000,1565079040
AAPL,2021-11-30,148.9850,165.7000,147.4800,165.3000,1688864233
AAPL,2021-12-31,167.4800,182.1300,157.8000,177.5700,2443227128
AAPL,2022-01-31,177.8300,182.9400,154.7000,174.7800,2106513962
AAPL,2022-02-28,174.0100,176.6500,152.0000,165.1200,1628570227
AAPL,2022-03-31,164.6950,179.6100,150.1000,174.6100,2171827429
AAPL,2022-04-29,174.0300,178.4900,155.3800,157.6500,1683547838
AAPL,2022-05-31,156.7100,166.4800,132.6100,148.8400,2400305601
AAPL,2022-06-30,149.9000,151.7400,129.0400,136.7200,1749297959
AAPL,2022-07-29,136.0400,163.6300,135.6600,162.5100,1447364668
AAPL,2022-08-31,161.0100,176.1500,157.1400,157.2200,1509735435
AAPL,2022-09-30,156.6400,164.2600,138.0000,138.2000,2083968147
AAPL,2022-10-31,138.2100,157.5000,134.3700,153.3400,1868381344
AAPL,2022-11-30,155.0800,155.4500,134.3800,148.0300,1724948219
AAPL,2022-12-30,148.2100,150.9199,125.8700,129.9300,1675731304
AAPL,2023-01-31,130.2800,147.2300,124.1700,144.2900,1443652725
AAPL,2023-02-28,143.9700,157.3800,141.3200,147.4100,1307294493
AAPL,2023-03-31,146.8300,165.0000,143.9000,164.9000,1520461315
AAPL,2023-04-28,164.2700,169.8500,159.7800,169.6800,967580718
AAPL,2023-05-31,169.2800,179.3500,164.3100,177.2500,1275052503
AAPL,2023-06-30,177.7000,194.4800,176.9306,193.9700,1297863403
AAPL,2023-07-31,193.7800,198.2300,186.6000,196.4500,996368613
AAPL,2023-08-31,196.2350,196.7300,171.9600,187.8700,1323817340
AAPL,2023-09-29,189.4850,189.9800,167.6200,171.2100,1337873796
AAPL,2023-10-31,171.2200,182.3400,165.6700,170.7700,1172845791
AAPL,2023-11-30,171.0000,192.9300,170.1200,189.9500,1099760711
AAPL,2023-12-29,190.3300,199.6200,187.4511,192.5300,1062317718
AAPL,2024-01-31,187.1500,196.3800,180.1700,184.4000,1187139861
AAPL,2024-02-29,183.9850,191.0500,179.2500,180.7500,1161711745
AAPL,2024-03-28,179.5500,180.5300,168.4900,171.4800,1430780147
AAPL,2024-04-30,171.1900,178.3600,164.0750,170.3300,1240410671
AAPL,2024-05-31,169.5800,193.0000,169.1100,192.2500,1336570142
AAPL,2024-06-28,192.9000,220.2000,192.1500,210.6200,1723984420
AAPL,2024-07-31,212.0900,237.2300,211.9200,222.0800,1153193377
AAPL,2024-08-30,224.3700,232.9200,196.0000,229.0000,1122666993
AAPL,2024-09-30,228.5500,233.0900,213.9200,233.0000,1231814423
AAPL,2024-10-31,229.5200,237.4900,221.3300,225.9100,930835961
AAPL,2024-11-27,220.9650,235.6900,219.7100,234.9300,863159337
GOOGL,2004-09-30,102.7000,135.0200,98.9400,129.6000,212494700
GOOGL,2004-10-29,130.8000,199.9500,128.9000,190.6400,513620700
GOOGL,2004-11-30,193.5000,201.6000,161.3100,181.9800,554632100
GOOGL,2004-12-31,181.7700,199.8800,168.4700,192.7900,290392600
GOOGL,2005-01-31,197.4000,205.3000,176.2900,195.6200,409918400
GOOGL,2005-02-28,194.3800,216.8000,181.0000,187.9900,650567500
GOOGL,2005-03-31,189.2900,189.8500,172.5700,180.5100,343553000
GOOGL,2005-04-29,181.7600,224.7400,179.8400,220.0000,452927500
GOOGL,2005-05-31,222.0500,278.4000,220.2100,277.2700,507029100
GOOGL,2005-06-30,283.2000,309.2500,267.4300,294.1500,777224400
GOOGL,2005-07-29,295.0400,317.8000,286.9900,287.7600,409487200
GOOGL,2005-08-31,288.4800,299.7200,273.3500,286.0000,285656800
GOOGL,2005-09-30,285.9100,320.9500,285.0000,316.4600,339965100
GOOGL,2005-10-31,313.6300,374.7500,290.6850,372.1400,385538000
GOOGL,2005-11-30,371.8600,431.2400,369.0100,404.9125,422908000
GOOGL,2005-12-30,409.2000,446.2100,399.0100,414.8600,397165000
GOOGL,2006-01-31,422.5200,475.1100,394.7400,432.6601,597481100
GOOGL,2006-02-28,389.8600,406.5000,337.8300,362.6200,594453900
GOOGL,2006-03-31,369.0000,399.0000,331.5500,390.0000,612913300
GOOGL,2006-04-28,389.7500,450.7200,387.9300,417.9400,370257300
GOOGL,2006-05-31,417.8500,419.4400,360.5700,371.8200,351526700
GOOGL,2006-06-30,373.5400,419.3300,371.6000,419.3300,284475000
GOOGL,2006-07-31,420.0400,427.8900,377.6900,386.6000,254787800
GOOGL,2006-08-31,385.1100,390.0000,363.3600,378.5300,213728900
GOOGL,2006-09-29,380.9950,418.6900,376.7200,401.9000,242858900
GOOGL,2006-10-31,401.9000,491.9600,398.1900,476.3900,316709800
GOOGL,2006-11-30,478.7550,513.0000,465.0615,484.8100,236642800
GOOGL,2006-12-29,485.9800,492.4000,452.3405,460.4800,183144000
GOOGL,2007-01-31,466.0000,513.0000,461.1100,501.5000,248923900
GOOGL,2007-02-28,506.0000,506.0100,443.0400,449.4500,227599400
GOOGL,2007-03-30,442.6700,466.0000,437.0000,458.1600,235995600
GOOGL,2007-04-30,457.7600,492.5000,452.1200,471.3800,185730000
GOOGL,2007-05-31,472.1900,508.7800,457.4100,497.9090,198963200
GOOGL,2007-06-29,501.0000,534.9900,497.5900,522.7001,257837700
GOOGL,2007-07-31,525.4900,558.5800,498.8800,510.0000,233027400
GOOGL,2007-08-31,510.5000,526.8200,480.4600,515.2500,177222800
GOOGL,2007-09-28,515.0200,571.7899,510.8800,567.2700,138687900
GOOGL,2007-10-31,569.9700,707.0000,569.6100,707.0000,310590000
GOOGL,2007-11-30,702.7900,747.2400,616.0200,693.0000,342606600
GOOGL,2007-12-31,691.0100,724.8000,652.5000,691.4800,170456500
GOOGL,2008-01-31,692.8700,697.3700,519.0000,564.3000,315262000
GOOGL,2008-02-29,528.6700,541.0400,446.8500,471.1800,354015500
GOOGL,2008-03-31,471.5100,472.7200,412.1100,440.4700,290938800
GOOGL,2008-04-30,447.7400,584.8600,441.0000,574.2900,285802500
GOOGL,2008-05-30,578.3100,602.4500,537.8100,585.8000,209055200
GOOGL,2008-06-30,582.5000,588.0400,515.0900,526.4200,187380600
GOOGL,2008-07-31,520.0000,555.6800,465.6005,473.7500,207962700
GOOGL,2008-08-29,472.0600,510.6600,461.9000,463.2900,137490300
GOOGL,2008-09-30,476.7700,482.1800,380.7100,400.5200,267887800
GOOGL,2008-10-31,411.1500,416.9800,309.4400,359.3600,398191400
GOOGL,2008-11-28,357.5800,372.3600,247.3000,292.9600,315749100
GOOGL,2008-12-31,286.6800,329.5000,262.5801,307.6500,225787700
GOOGL,2009-01-30,308.5995,352.3300,282.7500,338.5300,219542700
GOOGL,2009-02-27,334.2700,381.0000,329.5500,337.9900,222946400
GOOGL,2009-03-31,333.3300,359.1600,289.4500,348.0600,227721500
GOOGL,2009-04-30,343.7800,403.7500,340.6100,395.9700,175489100
GOOGL,2009-05-29,395.0300,417.2329,384.6900,417.2300,113955500
GOOGL,2009-06-30,418.7300,447.3400,401.8901,421.5900,140780100
GOOGL,2009-07-31,424.2000,452.7000,395.9801,443.0500,145887200
GOOGL,2009-08-31,448.7400,474.3500,438.5605,461.6700,97378800
GOOGL,2009-09-30,459.6800,507.0000,452.5900,495.8500,102056300
GOOGL,2009-10-30,493.0000,561.6400,482.6000,536.1200,154193500
GOOGL,2009-11-30,537.0800,587.0599,528.2410,583.0000,81729700
GOOGL,2009-12-31,588.1300,625.9900,579.1800,619.9800,85154200
GOOGL,2010-01-29,626.9500,629.5100,525.6100,529.9440,178021600
GOOGL,2010-02-26,534.6020,547.5000,520.0000,526.8000,103963600
GOOGL,2010-03-31,529.2000,588.2750,527.7400,567.1200,167380600
GOOGL,2010-04-30,571.3500,597.8400,521.0300,525.6950,145974700
GOOGL,2010-05-28,526.5000,532.9200,460.0000,485.6300,162958300
GOOGL,2010-06-30,480.4300,509.2500,444.7200,444.9500,119605600
GOOGL,2010-07-30,445.2900,497.5000,433.6300,484.8500,138480300
GOOGL,2010-08-31,488.9900,508.6000,447.6500,450.0200,105603500
GOOGL,2010-09-30,454.9800,536.8490,452.5000,525.7900,119281400
GOOGL,2010-10-29,530.0000,624.7400,518.8501,613.7000,158536000
GOOGL,2010-11-30,615.7300,630.8500,553.3100,555.7100,116766000
GOOGL,2010-12-31,563.0000,607.0000,562.4000,593.9700,84484800
GOOGL,2011-01-31,596.4800,642.9600,595.5500,600.3600,119847800
GOOGL,2011-02-28,604.4900,631.1800,601.3500,613.4000,83653600
GOOGL,2011-03-31,617.7800,619.2200,551.2801,586.7600,120156600
GOOGL,2011-04-29,588.7600,595.1900,519.0000,544.1000,140342000
GOOGL,2011-05-31,545.7000,545.7300,513.4000,529.0200,90564200
GOOGL,2011-06-30,528.0400,533.1999,473.0200,506.3800,118130800
GOOGL,2011-07-29,506.7400,627.4992,506.3800,603.6900,161948200
GOOGL,2011-08-31,611.2200,615.5000,490.8600,540.9600,213336700
GOOGL,2011-09-30,540.7500,558.5200,510.5000,515.0400,117140800
GOOGL,2011-10-31,509.8500,602.7000,480.5960,592.6400,154275400
GOOGL,2011-11-30,580.1000,618.3000,561.3300,599.3900,120479300
GOOGL,2011-12-30,600.0000,646.7600,599.0000,645.9000,109983800
GOOGL,2012-01-31,652.9400,670.2500,564.5500,580.1100,147136900
GOOGL,2012-02-29,584.9400,625.6000,579.1400,618.2500,94633500
GOOGL,2012-03-30,622.2600,658.5890,593.8400,641.2400,94564700
GOOGL,2012-04-30,640.7700,653.1400,590.2000,604.8500,117636800
GOOGL,2012-05-31,603.7900,637.8500,579.0000,580.8600,117228000
GOOGL,2012-06-29,571.7900,587.8900,556.5201,580.0700,92914500
GOOGL,2012-07-31,581.8200,642.6000,562.0900,632.9700,102469600
GOOGL,2012-08-31,637.3000,688.9900,623.4100,685.0900,94031300
GOOGL,2012-09-28,684.5500,764.8900,673.5000,754.5000,120233800
GOOGL,2012-10-31,759.0500,774.3800,669.7000,680.2976,143452800
GOOGL,2012-11-30,679.5000,699.2200,636.0000,698.3700,93264000
GOOGL,2012-12-31,702.2400,738.2800,682.3301,707.3800,83306700
GOOGL,2013-01-31,719.4200,760.9500,695.5200,755.6900,104704600
GOOGL,2013-02-28,758.2000,808.9700,758.1000,801.2000,92587100
GOOGL,2013-03-28,797.8000,844.0000,793.3000,794.1880,85011800
GOOGL,2013-04-30,795.0100,827.6400,761.2601,824.5700,106996300
GOOGL,2013-05-31,823.2600,920.6000,816.3600,871.2180,98734600
GOOGL,2013-06-28,873.0000,910.8400,847.2200,880.3700,97063000
GOOGL,2013-07-31,886.4500,928.0000,875.6100,887.7500,102387300
GOOGL,2013-08-30,895.0000,909.7090,845.5600,846.9000,66906000
GOOGL,2013-09-30,854.3600,905.9900,853.9500,875.9100,66180000
GOOGL,2013-10-31,880.2500,1041.5200,842.9800,1030.5800,110337300
GOOGL,2013-11-29,1031.7900,1068.0000,1005.0000,1059.5900,52459700
GOOGL,2013-12-31,1063.5100,1121.0000,1049.0200,1120.7100,67617600
GOOGL,2014-01-31,1115.4600,1186.5400,1082.2700,1180.9700,108913300
GOOGL,2014-02-28,1179.2000,1228.8800,1128.0200,1215.6500,81010500
GOOGL,2014-03-31,1206.7500,1226.9900,1102.1000,1114.5100,87224100
GOOGL,2014-04-30,1120.2700,1144.8000,511.0000,534.8800,68887600
GOOGL,2014-05-30,534.2500,577.6600,511.0900,571.6500,41456800
GOOGL,2014-06-30,569.7500,589.6000,547.4700,584.6700,39445800
GOOGL,2014-07-31,587.6500,608.9100,572.1001,579.5500,38583300
GOOGL,2014-08-29,578.5550,597.8100,567.4500,582.3600,29046600
GOOGL,2014-09-30,582.9500,605.4000,577.0100,588.4100,35413703
GOOGL,2014-10-31,586.8000,592.4000,518.4100,567.8700,55503010
GOOGL,2014-11-28,563.5300,567.1500,539.1900,549.0800,29775322
GOOGL,2014-12-31,545.0900,548.7900,497.1900,530.6600,54469614
GOOGL,2015-01-30,532.6000,545.4100,490.9100,537.5500,52843510
GOOGL,2015-02-27,534.3200,569.4200,521.7200,562.6300,40420326
GOOGL,2015-03-31,567.0000,583.2000,550.3300,554.7000,43207344
GOOGL,2015-04-30,554.8300,584.7000,529.0000,548.7700,43746541
GOOGL,2015-05-29,550.5100,558.2400,532.2350,545.3200,32421761
GOOGL,2015-06-30,548.7300,565.6100,538.8506,540.0400,35218182
GOOGL,2015-07-31,543.6600,713.3300,539.7600,657.5000,68543766
GOOGL,2015-08-31,657.6600,704.0000,593.0900,647.8200,55344735
GOOGL,2015-09-30,633.6600,681.9900,617.8400,637.2000,43458108
GOOGL,2015-10-30,637.9400,752.5000,631.1150,737.3900,50293840
GOOGL,2015-11-30,737.8800,782.9000,731.4500,762.8500,37574197
GOOGL,2015-12-31,766.9400,798.6900,736.2600,778.0100,43650531
GOOGL,2016-01-29,762.2000,769.2000,687.7800,761.3500,51999240
GOOGL,2016-02-29,771.2600,810.3500,682.0100,717.2200,67647477
GOOGL,2016-03-31,721.3000,777.3100,704.0000,762.9000,42564849
GOOGL,2016-04-29,757.1600,790.9500,703.2000,707.8800,46661769
GOOGL,2016-05-31,711.9200,753.4800,704.0500,748.8500,34108232
GOOGL,2016-06-30,748.4700,751.3700,672.6600,703.5300,41979195
GOOGL,2016-07-29,705.1000,803.9400,699.0000,791.3400,32667502
GOOGL,2016-08-31,786.6700,813.8790,785.0400,789.8500,28857075
GOOGL,2016-09-30,791.9800,819.0600,783.5000,804.0600,31576994
GOOGL,2016-10-31,802.5500,839.0000,796.2300,809.9000,35391730
GOOGL,2016-11-30,810.8700,816.0400,743.5900,775.8800,48353316
GOOGL,2016-12-30,778.5500,824.3000,753.3600,792.4500,34356689
GOOGL,2017-01-31,800.6200,867.0000,796.8900,820.1900,36840255
GOOGL,2017-02-28,824.0000,853.7900,812.0510,844.9300,26492197
GOOGL,2017-03-31,851.3800,874.4200,824.3000,847.8000,34553208
GOOGL,2017-04-28,848.7500,935.9000,834.6000,924.5200,24344962
GOOGL,2017-05-31,924.1500,999.6000,920.8000,987.0900,34853054
GOOGL,2017-06-30,990.9600,1008.6100,929.6000,929.6800,43247076
GOOGL,2017-07-31,933.2200,1006.1900,915.3100,945.5000,40338583
GOOGL,2017-08-31,947.8100,957.1950,918.6000,955.2400,31859046
GOOGL,2017-09-29,957.4700,975.8100,924.5101,973.7200,28940676
GOOGL,2017-10-31,975.6500,1063.6200,961.9500,1033.0400,35135039
GOOGL,2017-11-30,1036.3200,1080.0000,1028.6600,1036.1700,27895294
GOOGL,2017-12-29,1030.4100,1086.4900,1002.3200,1053.4000,29093692
GOOGL,2018-01-31,1053.0200,1198.0000,1053.0200,1182.2200,31746835
GOOGL,2018-02-28,1175.9900,1187.4500,997.0000,1103.9200,48581820
GOOGL,2018-03-29,1109.5400,1178.1600,984.0000,1037.1400,50738448
GOOGL,2018-04-30,1027.6200,1097.5100,994.2500,1018.5800,49252199
GOOGL,2018-05-31,1016.3000,1118.1500,1007.8900,1100.0000,37036543
GOOGL,2018-06-29,1112.8700,1201.4900,1106.0700,1129.1900,40184605
GOOGL,2018-07-31,1115.3500,1291.4400,1106.6000,1227.2200,41806085
GOOGL,2018-08-31,1239.1100,1271.9600,1204.0000,1231.8000,34298428
GOOGL,2018-09-28,1222.5200,1227.8700,1151.5000,1207.0800,35927191
GOOGL,2018-10-31,1213.0000,1224.5200,1007.2000,1090.5800,56549878
GOOGL,2018-11-30,1091.4000,1109.9300,1002.2100,1109.6500,39313400
GOOGL,2018-12-31,1132.1600,1135.0000,977.6600,1044.9600,42869863
GOOGL,2019-01-31,1027.2000,1127.6700,1022.3700,1125.8900,34860110
GOOGL,2019-02-28,1122.2900,1154.0000,1093.5900,1126.5500,32610016
GOOGL,2019-03-29,1131.0000,1236.4400,1130.2000,1176.8900,33186195
GOOGL,2019-04-30,1187.5400,1296.9700,1183.0000,1198.9600,32374805
GOOGL,2019-05-31,1197.5000,1199.2500,1103.3500,1106.5000,37137156
GOOGL,2019-06-28,1066.9300,1126.5700,1027.0300,1082.8000,35623822
GOOGL,2019-07-31,1101.0400,1268.3900,1095.3300,1218.2000,35763639
GOOGL,2019-08-30,1217.6300,1236.3000,1142.7500,1190.5300,29345892
GOOGL,2019-09-30,1181.8500,1248.0200,1163.7100,1221.1400,26274335
GOOGL,2019-10-31,1222.4900,1299.2400,1163.1400,1258.8000,30611918
GOOGL,2019-11-29,1265.8000,1333.9200,1259.7100,1304.0900,26359574
GOOGL,2019-12-31,1302.5600,1367.0500,1277.0500,1339.3900,28279817
GOOGL,2020-01-31,1348.4100,1500.5800,1346.4900,1432.7800,33629150
GOOGL,2020-02-28,1461.6500,1530.7400,1268.2100,1339.2500,41565155
GOOGL,2020-03-31,1351.3900,1408.1900,1008.8700,1161.9500,78534591
GOOGL,2020-04-30,1124.0000,1360.1500,1075.0800,1346.7000,56214524
GOOGL,2020-05-29,1324.0900,1445.1100,1296.0100,1433.5200,36255952
GOOGL,2020-06-30,1425.7000,1475.7900,1351.6500,1418.0500,40715938
GOOGL,2020-07-31,1419.1700,1587.0500,1414.1800,1487.9500,41090608
GOOGL,2020-08-31,1491.0000,1652.7900,1464.0300,1629.5300,30731651
GOOGL,2020-09-30,1632.1600,1726.1022,1402.1500,1465.6000,41834280
GOOGL,2020-10-30,1483.6608,1681.3150,1433.2300,1616.1100,42753029
GOOGL,2020-11-30,1623.5400,1816.8900,1612.1080,1754.4000,31560329
GOOGL,2020-12-31,1766.6550,1843.8300,1694.0000,1752.6400,30424255
GOOGL,2021-01-29,1760.0000,1932.0800,1696.1014,1827.3600,39569373
GOOGL,2021-02-26,1844.5850,2145.1400,1844.5850,2021.9100,33609952
GOOGL,2021-03-31,2048.0000,2113.7400,1994.0000,2062.5200,37837953
GOOGL,2021-04-30,2092.2500,2431.3800,2091.4300,2353.5000,35119920
GOOGL,2021-05-28,2364.9100,2389.0500,2193.6200,2356.8500,30175239
GOOGL,2021-06-30,2374.4400,2461.9100,2329.5200,2441.7900,27241174
GOOGL,2021-07-30,2434.5000,2765.9400,2430.6300,2694.5300,30452492
GOOGL,2021-08-31,2702.3400,2919.4100,2666.3900,2893.9500,23041294
GOOGL,2021-09-30,2900.0000,2925.0750,2671.1200,2673.5200,29545719
GOOGL,2021-10-29,2688.9500,2973.0000,2621.0000,2960.9200,36040000
GOOGL,2021-11-30,2960.9200,3019.3300,2832.0300,2837.9500,30278875
GOOGL,2021-12-31,2880.0000,2982.0000,2786.4200,2897.0400,30992881
GOOGL,2022-01-31,2901.1000,2929.6978,2490.0000,2706.0700,38092594
GOOGL,2022-02-28,2751.8900,3030.9315,2499.0650,2701.1400,46381207
GOOGL,2022-03-31,2697.5700,2875.8700,2505.5000,2781.3500,36383218
GOOGL,2022-04-29,2790.0000,2874.2400,2254.7301,2282.1900,37720682
GOOGL,2022-05-31,2268.1000,2457.0900,2037.6936,2275.2400,42514648
GOOGL,2022-06-30,2297.1000,2386.9400,2100.9200,2179.2600,38543689
GOOGL,2022-07-29,2158.6600,2393.7000,104.0700,116.3200,428144985
GOOGL,2022-08-31,115.3000,122.4300,107.8000,108.2200,515791070
GOOGL,2022-09-30,108.2800,111.6200,95.5600,95.6500,612908183
GOOGL,2022-10-31,96.7600,104.8200,91.8000,94.5100,681653109
GOOGL,2022-11-30,95.4500,101.0400,83.3400,100.9900,716537649
GOOGL,2022-12-30,101.0200,102.2500,85.9400,88.2300,602717061
GOOGL,2023-01-31,89.5850,100.3200,84.8600,98.8400,672897542
GOOGL,2023-02-28,98.7100,108.1800,88.5750,90.0600,952709694
GOOGL,2023-03-31,89.9800,106.5900,89.4200,103.7300,860049034
GOOGL,2023-04-28,102.3900,109.1700,101.9300,107.3400,603728992
GOOGL,2023-05-31,106.8400,126.4300,103.7100,122.8700,820529683
GOOGL,2023-06-30,122.8150,129.0400,116.1000,119.7000,656884438
GOOGL,2023-07-31,119.2400,133.7400,115.3500,132.7200,707114432
GOOGL,2023-08-31,130.7750,138.0000,126.3824,136.1700,593521002
GOOGL,2023-09-29,137.4550,139.1600,127.2200,130.8600,477625238
GOOGL,2023-10-31,131.2100,141.2200,120.2057,124.0800,680762930
GOOGL,2023-11-30,124.0700,139.4200,123.7150,132.5300,535336827
GOOGL,2023-12-29,131.8600,142.6800,127.9000,139.6900,619214883
GOOGL,2024-01-31,138.5500,153.7800,135.1500,140.1000,580941276
GOOGL,2024-02-29,142.1200,149.4400,135.4100,138.4600,647506998
GOOGL,2024-03-28,138.4300,152.2560,130.6650,150.9300,671379553
GOOGL,2024-04-30,150.6900,174.7100,149.6000,162.7800,657659985
GOOGL,2024-05-31,164.3000,178.7700,163.0500,172.5000,542413794
GOOGL,2024-06-28,172.5400,186.0500,171.1600,182.1500,461090319
GOOGL,2024-07-31,183.0300,191.7500,164.0600,171.5400,526148198
GOOGL,2024-08-30,170.2500,174.0500,154.9300,163.3800,550739537
GOOGL,2024-09-30,161.7200,166.1500,147.2150,165.8500,532527762
GOOGL,2024-10-31,167.6850,182.0200,159.7400,171.1100,569355454
GOOGL,2024-11-27,170.0700,182.4900,163.7000,169.2300,515733407
MSFT,2004-01-30,27.5800,28.8300,27.2600,27.6500,1232189000
MSFT,2004-02-27,27.6300,27.8000,26.3500,26.5300,1032065600
MSFT,2004-03-31,26.6500,26.7200,24.0100,24.9300,1703041000
MSFT,2004-04-30,24.9500,27.7200,24.8500,26.1300,1558947800
MSFT,2004-05-28,26.2100,26.6000,25.4200,26.2300,1141456900
MSFT,2004-06-30,26.1200,28.8000,25.8600,28.5600,1534889700
MSFT,2004-07-30,28.6900,29.8900,27.2500,28.4900,1550446900
MSFT,2004-08-31,28.2700,28.5500,25.9500,27.3000,1094195300
MSFT,2004-09-30,27.2400,27.7900,26.7400,27.6500,1141012300
MSFT,2004-10-29,27.8100,28.8900,27.4200,27.9700,1300591200
MSFT,2004-11-30,28.1500,30.2000,24.8600,26.8100,1739407300
MSFT,2004-12-31,26.9500,27.4400,26.6790,26.7200,1803777700
MSFT,2005-01-31,26.8000,27.1000,25.6400,26.2800,1521414300
MSFT,2005-02-28,26.2500,26.5000,25.1296,25.1600,1361126000
MSFT,2005-03-31,25.2000,25.7900,23.8200,24.1700,1541411300
MSFT,2005-04-29,24.2400,25.4500,23.9400,25.3000,1520253700
MSFT,2005-05-31,25.2300,26.0900,24.3100,25.8000,1270563700
MSFT,2005-06-30,25.7300,26.0000,24.8200,24.8400,1303029500
MSFT,2005-07-29,24.8500,26.4800,24.5000,25.6100,1321407700
MSFT,2005-08-31,25.8200,27.9400,25.7600,27.3800,1441979300
MSFT,2005-09-30,27.3800,27.3900,25.1200,25.7300,1348861500
MSFT,2005-10-31,25.7100,25.8000,24.2500,25.7000,1439659900
MSFT,2005-11-30,25.6100,28.2500,25.6100,27.6800,1444948300
MSFT,2005-12-30,27.7300,28.1010,26.1000,26.1500,1271695500
MSFT,2006-01-31,26.2500,28.3800,26.1000,28.1500,1388622700
MSFT,2006-02-28,27.9500,28.0700,26.3400,26.8700,1047699000
MSFT,2006-03-31,26.9900,28.2200,26.6200,27.2100,1437940900
MSFT,2006-04-28,27.6700,27.9410,24.0000,24.1500,1446126900
MSFT,2006-05-31,24.3300,25.0000,22.4500,22.6500,2309193400
MSFT,2006-06-30,22.7400,23.6500,21.4599,23.3000,1971637200
MSFT,2006-07-31,23.5300,24.6000,22.2300,24.0600,1332298100
MSFT,2006-08-31,24.0200,26.2501,23.8500,25.7000,1134188400
MSFT,2006-09-29,25.8900,27.5200,25.3900,27.3500,1097482600
MSFT,2006-10-31,27.3200,28.8501,27.1500,28.7100,1290967400
MSFT,2006-11-30,28.7800,30.0001,28.5800,29.3600,1239142000
MSFT,2006-12-29,29.2300,30.2600,28.8000,29.8600,1137160900
MSFT,2007-01-31,29.9100,31.4800,29.4000,30.8600,1324518200
MSFT,2007-02-28,30.8400,30.9400,27.7900,28.1700,1290850900
MSFT,2007-03-30,27.8200,28.5500,26.6000,27.8700,1269506500
MSFT,2007-04-30,27.8900,30.7400,27.5600,29.9400,958964900
MSFT,2007-05-31,29.9400,31.1600,29.9000,30.6901,1327154700
MSFT,2007-06-29,30.7900,30.9000,29.0400,29.4700,1181412800
MSFT,2007-07-31,29.6700,31.8400,28.9500,28.9900,1295548000
MSFT,2007-08-31,28.9700,30.1000,27.5100,28.7300,1228579500
MSFT,2007-09-28,28.5000,29.8500,28.2700,29.4600,1117419500
MSFT,2007-10-31,29.4600,37.0000,29.2900,36.8100,1772076700
MSFT,2007-11-30,36.5300,37.5000,32.6800,33.6000,1830846800
MSFT,2007-12-31,33.5000,36.7200,32.6300,35.6000,1064817100
MSFT,2008-01-31,35.7900,35.9600,31.0400,32.6000,1950301600
MSFT,2008-02-29,31.0600,33.2500,27.0200,27.1999,2324580800
MSFT,2008-03-31,27.2400,29.5900,26.8700,28.3800,1452390200
MSFT,2008-04-30,28.8300,32.1000,27.9300,28.5200,1444720000
MSFT,2008-05-30,28.4800,30.5300,27.9500,28.3200,1405170200
MSFT,2008-06-30,28.2400,29.5700,27.1100,27.5100,1560439100
MSFT,2008-07-31,27.2200,27.9100,24.8700,25.7200,1579425446
MSFT,2008-08-29,25.9500,28.5000,25.0700,27.2900,1206949700
MSFT,2008-09-30,27.6650,27.7600,23.5000,26.6900,1927538700
MSFT,2008-10-31,26.3800,27.4700,20.6500,22.3300,3044579400
MSFT,2008-11-28,22.4800,23.6600,17.5000,20.2200,1794911800
MSFT,2008-12-31,19.8750,21.2500,18.4700,19.4400,1546943400
MSFT,2009-01-30,19.5328,21.0000,16.7500,17.1000,1564043400
MSFT,2009-02-27,17.0100,19.9300,16.1000,16.1500,1456213400
MSFT,2009-03-31,16.0350,18.8800,14.8700,18.3700,1625752800
MSFT,2009-04-30,18.2300,21.2000,18.1800,20.2600,1562400700
MSFT,2009-05-29,20.1900,20.9400,19.0100,20.8900,1101122400
MSFT,2009-06-30,21.0000,24.3400,20.8600,23.7700,1411144700
MSFT,2009-07-31,24.0500,25.7200,22.0000,23.5200,1517459800
MSFT,2009-08-31,23.8200,25.4900,23.0300,24.6500,993250400
MSFT,2009-09-30,24.3500,26.2500,23.7600,25.7200,1038979700
MSFT,2009-10-30,25.4050,29.3500,24.4300,27.7300,1523430100
MSFT,2009-11-30,27.7000,30.1400,27.4100,29.4100,1018256700
MSFT,2009-12-31,29.5200,31.5000,29.2500,30.4800,920605500
MSFT,2010-01-29,30.6200,31.2400,27.6600,28.1800,1359650900
MSFT,2010-02-26,28.3900,29.0300,27.5700,28.6700,1074643300
MSFT,2010-03-31,28.7700,30.5700,28.2400,29.2875,1110237200
MSFT,2010-04-30,29.3500,31.5800,28.6200,30.5350,1319029500
MSFT,2010-05-28,30.6700,31.0606,24.5600,25.8000,1720130200
MSFT,2010-06-30,25.5300,26.9300,22.9500,23.0100,1671811600
MSFT,2010-07-30,23.0900,26.4100,22.7300,25.8100,1408590600
MSFT,2010-08-31,25.9900,26.3800,23.3200,23.4650,1279372100
MSFT,2010-09-30,23.6700,25.5300,23.5400,24.4900,1273139500
MSFT,2010-10-29,24.4900,27.2000,23.7800,26.6650,1281432800
MSFT,2010-11-30,26.8800,27.4900,24.9300,25.2575,1361176300
MSFT,2010-12-31,25.5700,28.4000,25.5600,27.9100,1033710000
MSFT,2011-01-31,28.0500,29.4600,27.4200,27.7250,1361258700
MSFT,2011-02-28,27.8000,28.3400,26.4300,26.5800,1114368500
MSFT,2011-03-31,26.6000,26.7800,24.6800,25.3900,1310885200
MSFT,2011-04-29,25.5300,26.8700,24.7200,25.9200,1313844800
MSFT,2011-05-31,25.9400,26.2500,24.0300,25.0100,1364062800
MSFT,2011-06-30,24.9900,26.0000,23.6500,26.0000,1297757600
MSFT,2011-07-29,25.9300,28.1450,25.8400,27.4000,1259328200
MSFT,2011-08-31,27.5100,27.6850,23.7900,26.6000,1719339500
MSFT,2011-09-30,26.4600,27.5000,24.6000,24.8900,1279920200
MSFT,2011-10-31,24.7200,27.5000,24.2600,26.6300,1218142500
MSFT,2011-11-30,26.1900,27.2000,24.3000,25.5800,1046207400
MSFT,2011-12-30,25.5600,26.1900,25.1600,25.9600,1007166600
MSFT,2012-01-31,26.5500,29.9500,26.3900,29.5300,1354858100
MSFT,2012-02-29,29.7900,32.0000,29.7100,31.7400,984332300
MSFT,2012-03-30,31.9300,32.9500,31.4900,32.2550,942366500
MSFT,2012-04-30,32.2200,32.8900,30.2300,32.0150,940739700
MSFT,2012-05-31,32.0500,32.3350,28.6400,29.1900,1014372600
MSFT,2012-06-29,28.7600,31.1400,28.3200,30.5900,973131400
MSFT,2012-07-31,30.6200,31.0500,28.5400,29.4700,846604100
MSFT,2012-08-31,29.5900,30.9600,28.9700,30.8200,671748400
MSFT,2012-09-28,30.4500,31.6100,29.7400,29.7600,893107700
MSFT,2012-10-31,29.8100,30.2500,27.7600,28.5400,1105402300
MSFT,2012-11-30,28.8400,30.2000,26.3449,26.6150,1310516100
MSFT,2012-12-31,26.7800,27.7300,26.2600,26.7097,947310900
MSFT,2013-01-31,27.2500,28.2300,26.2800,27.4500,1145054400
MSFT,2013-02-28,27.6700,28.2000,27.1000,27.8000,780587000
MSFT,2013-03-28,27.7200,28.6600,27.5200,28.6050,844946000
MSFT,2013-04-30,28.6400,33.1100,28.1100,33.1000,1322883228
MSFT,2013-05-31,32.9300,35.2800,32.3200,34.9000,1071860000
MSFT,2013-06-28,34.9200,35.7800,32.5700,34.5450,945155500
MSFT,2013-07-31,34.7500,36.4299,31.0200,31.8400,1111130600
MSFT,2013-08-30,32.0600,35.2000,30.8400,33.4000,1051265000
MSFT,2013-09-30,31.7500,33.7500,30.9500,33.2800,1242961500
MSFT,2013-10-31,33.3500,36.2900,32.8000,35.4050,965331500
MSFT,2013-11-29,35.6700,38.2900,35.3900,38.1300,800431600
MSFT,2013-12-31,38.0900,38.9800,35.5300,37.4100,826617700
MSFT,2014-01-31,37.3500,37.8900,34.6300,37.8400,930226200
MSFT,2014-02-28,37.7400,38.4600,35.6900,38.3100,705304500
MSFT,2014-03-31,37.9200,41.5000,37.4950,40.9900,778425700
MSFT,2014-04-30,41.1500,41.6600,38.9000,40.4000,746113500
MSFT,2014-05-30,40.2401,40.9700,38.5100,40.9400,574362900
MSFT,2014-06-30,40.9500,42.2900,39.8600,41.7000,555779700
MSFT,2014-07-31,41.8600,45.7100,41.0500,43.1600,731616500
MSFT,2014-08-29,43.2100,45.4700,42.2100,45.4300,513429400
MSFT,2014-09-30,45.4300,47.5700,44.5300,46.3600,860084532
MSFT,2014-10-31,46.2700,46.9700,42.1000,46.9500,853297059
MSFT,2014-11-28,46.8900,50.0450,46.7300,47.8100,523008240
MSFT,2014-12-31,47.8800,49.0600,44.9000,46.4500,626810606
MSFT,2015-01-30,46.6600,47.9100,40.3500,40.4000,918738022
MSFT,2015-02-27,40.5900,44.3000,40.2300,43.8500,656509827
MSFT,2015-03-31,43.6700,44.1900,40.5400,40.6550,824335340
MSFT,2015-04-30,40.6000,49.5400,40.1200,48.6400,874535095
MSFT,2015-05-29,48.5800,48.9050,46.0200,46.8600,633072750
MSFT,2015-06-30,47.0600,47.7700,43.9400,44.1500,664853340
MSFT,2015-07-31,44.4600,47.4000,43.3200,46.7000,725458102
MSFT,2015-08-31,46.9800,48.4100,39.7200,43.5200,776277394
MSFT,2015-09-30,42.2300,45.0000,41.6600,44.2000,670779566
MSFT,2015-10-30,44.7500,54.3700,43.7500,52.6400,857330655
MSFT,2015-11-30,52.8500,54.9800,52.5300,54.3500,662622220
MSFT,2015-12-31,54.4100,56.8500,53.6800,55.4800,793070000
MSFT,2016-01-29,54.3200,55.3900,49.1000,55.0900,927914485
MSFT,2016-02-29,54.8800,55.0900,48.1900,50.8800,814770780
MSFT,2016-03-31,50.9700,55.6400,50.5800,55.2300,640372350
MSFT,2016-04-29,55.0500,56.7700,49.3500,49.8700,699025640
MSFT,2016-05-31,50.0000,53.0000,49.4600,53.0000,530869347
MSFT,2016-06-30,52.4400,52.9500,48.0350,51.1700,823987498
MSFT,2016-07-29,51.1300,57.2900,50.3900,56.6800,647587634
MSFT,2016-08-31,56.6000,58.7000,56.1400,57.4600,467079004
MSFT,2016-09-30,57.0100,58.1900,55.6100,57.6000,526855083
MSFT,2016-10-31,57.4050,61.3699,56.3150,59.9200,614841775
MSFT,2016-11-30,59.9700,61.4100,57.2800,60.2600,613056964
MSFT,2016-12-30,60.1100,64.1000,58.8000,62.1400,513579428
MSFT,2017-01-31,62.7900,65.9100,61.9500,64.6500,494435826
MSFT,2017-02-28,64.3550,65.2400,62.7500,63.9800,440744043
MSFT,2017-03-31,64.1300,66.1900,63.6200,65.8600,489173200
MSFT,2017-04-28,65.8100,69.1400,64.8500,68.4600,428857613
MSFT,2017-05-31,68.6800,70.7400,67.1400,69.8400,505249296
MSFT,2017-06-30,70.2400,72.8900,68.0900,68.9300,610120893
MSFT,2017-07-31,69.3300,74.4200,68.0200,72.7000,451248934
MSFT,2017-08-31,73.1000,74.9600,71.2800,74.7700,429156682
MSFT,2017-09-29,74.7100,75.9700,72.9200,74.4900,367134396
MSFT,2017-10-31,74.7100,86.2000,73.7100,83.1800,440510118
MSFT,2017-11-30,83.6800,85.0600,82.2400,84.1700,415711970
MSFT,2017-12-29,83.6000,87.4999,80.7000,85.5400,447828256
MSFT,2018-01-31,86.1300,95.4500,85.5000,95.0100,543377322
MSFT,2018-02-28,94.7900,96.0700,83.8300,93.7700,690287596
MSFT,2018-03-29,93.9900,97.2400,87.0800,91.2700,732866406
MSFT,2018-04-30,90.4700,97.9000,87.5100,93.5200,668258570
MSFT,2018-05-31,93.2100,99.9900,92.4500,98.8400,509418119
MSFT,2018-06-29,99.2800,102.6900,97.2600,98.6100,602585341
MSFT,2018-07-31,98.1000,111.1500,98.0000,106.0800,569501573
MSFT,2018-08-31,106.0300,112.7800,104.8400,112.3300,456630721
MSFT,2018-09-28,110.8500,115.2900,107.2300,114.3700,480255674
MSFT,2018-10-31,114.7500,116.1800,100.1100,106.8100,927547942
MSFT,2018-11-30,107.0500,112.2400,99.3500,110.8900,720228643
MSFT,2018-12-31,113.0000,113.4200,93.9600,101.5700,944287635
MSFT,2019-01-31,99.5500,107.9000,97.2000,104.4300,714204787
MSFT,2019-02-28,103.7800,113.2400,102.3500,112.0300,469095970
MSFT,2019-03-29,112.8900,120.8200,108.8000,117.9400,589045341
MSFT,2019-04-30,118.9500,131.3700,118.1000,130.6000,433157868
MSFT,2019-05-31,130.5300,130.6500,123.0400,123.6800,547218448
MSFT,2019-06-28,123.8500,138.4000,119.0100,133.9600,508324437
MSFT,2019-07-31,136.6300,141.6800,134.6700,136.2700,484553299
MSFT,2019-08-30,137.0000,140.9400,130.7800,137.8600,585509525
MSFT,2019-09-30,136.6100,142.3700,134.5100,139.0300,477645820
MSFT,2019-10-31,139.6600,145.6700,133.2200,143.3700,560654410
MSFT,2019-11-29,144.2600,152.5000,142.9700,151.3800,393028043
MSFT,2019-12-31,151.8100,159.5500,146.6500,157.7000,452664147
MSFT,2020-01-31,158.7800,174.0500,156.5100,170.2300,555989763
MSFT,2020-02-28,170.4300,190.7000,152.0000,162.0100,887894931
MSFT,2020-03-31,165.3100,175.0000,132.5200,157.7100,1612954386
MSFT,2020-04-30,153.0000,180.4000,150.3600,179.2100,984810925
MSFT,2020-05-29,175.8000,187.5100,173.8000,183.2500,688873081
MSFT,2020-06-30,182.5400,204.4000,181.3500,203.5100,765012029
MSFT,2020-07-31,203.1400,216.3800,197.5100,205.0100,769842002
MSFT,2020-08-31,211.5200,231.1500,203.1400,225.5300,692382980
MSFT,2020-09-30,225.5100,232.8600,196.2500,210.3300,768528897
MSFT,2020-10-30,213.4900,225.2100,199.6200,202.4700,631674298
MSFT,2020-11-30,204.2900,228.1200,200.1200,214.0700,573325190
MSFT,2020-12-31,214.5100,227.1800,209.1100,222.4200,593966967
MSFT,2021-01-29,222.5300,242.6400,211.9400,231.9600,647897096
MSFT,2021-02-26,235.0600,246.1300,227.8800,232.3800,489396912
MSFT,2021-03-31,235.9000,241.0500,224.2600,235.7700,724981506
MSFT,2021-04-30,238.4700,263.1900,238.0501,252.1800,568698272
MSFT,2021-05-28,253.4000,254.3500,238.0700,249.6800,495089530
MSFT,2021-06-30,251.2300,271.6500,243.0000,270.9000,508388858
MSFT,2021-07-30,269.6100,290.1500,269.6000,284.9100,522303043
MSFT,2021-08-31,286.3600,305.8400,283.7400,301.8800,440360333
MSFT,2021-09-30,302.8650,305.3200,281.6200,281.9200,502931199
MSFT,2021-10-29,282.1217,332.0000,280.2500,331.6200,516523658
MSFT,2021-11-30,331.3550,349.6700,326.3700,330.5900,507120518
MSFT,2021-12-31,335.1300,344.3000,317.2500,336.3200,625743806
MSFT,2022-01-31,335.3500,338.0000,276.0500,310.9800,946705316
MSFT,2022-02-28,310.4100,315.1200,271.5200,298.7900,697204843
MSFT,2022-03-31,296.4000,315.9500,270.0000,308.3100,732627846
MSFT,2022-04-29,309.3700,315.1100,270.0000,277.5200,622644983
MSFT,2022-05-31,277.7100,290.8800,246.4400,271.8700,742766114
MSFT,2022-06-30,275.1950,277.6900,241.5100,256.8300,621501474
MSFT,2022-07-29,256.3900,282.0000,245.9400,280.7400,534986150
MSFT,2022-08-31,277.8200,294.1800,260.6600,261.4700,476959033
MSFT,2022-09-30,258.8700,267.4500,232.7300,232.9000,575416752
MSFT,2022-10-31,235.4100,251.0400,219.1300,232.1300,671366804
MSFT,2022-11-30,234.6000,255.3300,213.4310,255.1400,615328220
MSFT,2022-12-30,253.8700,263.9150,233.8700,239.8200,591366468
MSFT,2023-01-31,243.0800,249.8300,219.3500,247.8100,666168068
MSFT,2023-02-28,248.0000,276.7600,245.4700,249.4200,615540778
MSFT,2023-03-31,250.7600,289.2700,245.6100,288.3000,747751976
MSFT,2023-04-28,286.5200,308.9300,275.3700,307.2600,551356990
MSFT,2023-05-31,306.9700,335.9400,303.4000,328.3900,600453246
MSFT,2023-06-30,325.9300,351.4700,322.5000,340.5400,547748450
MSFT,2023-07-31,339.1900,366.7800,327.0000,335.9200,666956355
MSFT,2023-08-31,335.1900,338.5400,311.5508,327.7600,479669427
MSFT,2023-09-29,331.3100,340.8600,309.4500,315.7500,416768824
MSFT,2023-10-31,316.2800,346.2000,311.2150,338.1100,540963749
MSFT,2023-11-30,339.7900,384.3000,339.6500,378.9100,564165364
MSFT,2023-12-29,376.7600,378.1600,362.9000,376.0400,521914675
MSFT,2024-01-31,373.8600,415.3200,366.5000,397.5800,525975837
MSFT,2024-02-29,401.8300,420.8200,397.2200,413.6400,444203455
MSFT,2024-03-28,411.2700,430.8200,398.3900,420.7200,425101681
MSFT,2024-04-30,423.9500,429.3700,388.0300,389.3300,440119511
MSFT,2024-05-31,392.6100,433.6000,390.3100,415.1300,413810421
MSFT,2024-06-28,415.5250,456.1700,408.9234,446.9500,342370406
MSFT,2024-07-31,448.6600,468.3500,412.2100,418.3500,440446499
MSFT,2024-08-30,420.7850,427.4600,385.5800,417.1400,451919023
MSFT,2024-09-30,417.9100,441.8500,400.8000,430.3000,376719438
MSFT,2024-10-31,428.4500,438.5000,406.3000,406.3500,440766715
MSFT,2024-11-27,409.0100,429.3250,405.5713,422.9900,426049420
